{"cameraMode":{"drawMode":0,"name":"Shaded","section":"Shading Mode"},"sceneLighting":true,"audioPlay":false,"sceneViewState":{"m_AlwaysRefresh":false,"showFog":true,"showSkybox":true,"showFlares":true,"showImageEffects":true,"showParticleSystems":true,"showVisualEffectGraphs":true,"m_FxEnabled":true},"in2DMode":false,"pivot":{"x":289.34466552734377,"y":51.501678466796878,"z":-148.3753662109375},"rotation":{"x":0.0011460839305073023,"y":0.9775488972663879,"z":-0.21051451563835145,"w":0.005276993382722139},"size":538.679443359375,"orthographic":false}