{"cameraMode":{"drawMode":0,"name":"Shaded","section":"Shading Mode"},"sceneLighting":true,"audioPlay":false,"sceneViewState":{"m_AlwaysRefresh":false,"showFog":true,"showSkybox":true,"showFlares":true,"showImageEffects":true,"showParticleSystems":true,"showVisualEffectGraphs":true,"m_FxEnabled":true},"in2DMode":false,"pivot":{"x":6.527463436126709,"y":1.7223601341247559,"z":-3.8277876377105715},"rotation":{"x":-0.010458176024258137,"y":0.9894129633903503,"z":-0.09408803284168244,"w":-0.10997645556926727},"size":6.617495059967041,"orthographic":false}