{"cameraMode":{"drawMode":0,"name":"Shaded","section":"Shading Mode"},"sceneLighting":true,"audioPlay":false,"sceneViewState":{"m_AlwaysRefresh":false,"showFog":true,"showSkybox":true,"showFlares":true,"showImageEffects":true,"showParticleSystems":true,"showVisualEffectGraphs":true,"m_FxEnabled":true},"in2DMode":false,"pivot":{"x":152.53240966796876,"y":368.71136474609377,"z":-880.8145751953125},"rotation":{"x":-0.00724661024287343,"y":-0.9749641418457031,"z":0.21976922452449799,"w":-0.03188171237707138},"size":1377.0682373046875,"orthographic":false}