{"cameraMode":{"drawMode":0,"name":"Shaded","section":"Shading Mode"},"sceneLighting":true,"audioPlay":false,"sceneViewState":{"m_AlwaysRefresh":false,"showFog":true,"showSkybox":true,"showFlares":true,"showImageEffects":true,"showParticleSystems":true,"showVisualEffectGraphs":true,"m_FxEnabled":true},"in2DMode":false,"pivot":{"x":1934.860595703125,"y":-0.557969868183136,"z":-348.08587646484377},"rotation":{"x":0.0000473134896310512,"y":0.9999114871025086,"z":-0.0054076965898275379,"w":0.0038919278886169197},"size":159.88735961914063,"orthographic":false}